datetime,ticker,open,close,high,low,volume
2018-03-26,B3SA3,25.8,25.66,26.1,25.25,129461570.0
2018-03-27,B3SA3,25.79,25.59,25.9,25.45,94182344.0
2018-03-28,B3SA3,25.3,26.1,26.3,25.16,213564537.0
2018-03-29,B3SA3,26.21,26.69,26.85,25.99,199170109.0
2018-04-02,B3SA3,26.35,26.49,26.7,26.03,149024937.0
2018-04-03,B3SA3,26.58,26.45,26.99,26.07,227851810.0
2018-04-04,B3SA3,25.84,26.17,26.25,25.56,163689956.0
2018-04-05,B3SA3,26.8,26.77,27.15,26.47,226370015.0
2018-04-06,B3SA3,26.67,26.81,26.87,26.11,218865100.0
2018-04-09,B3SA3,26.98,26.2,26.98,25.97,168151404.0
2018-04-10,B3SA3,26.3,26.28,26.4,25.6,179761250.0
2018-04-11,B3SA3,26.22,26.55,26.59,25.9,153570425.0
2018-04-12,B3SA3,26.5,26.89,27.09,26.42,211406841.0
2018-04-13,B3SA3,26.7,26.42,26.82,26.12,279892516.0
2018-04-16,B3SA3,26.52,25.38,26.52,25.34,198414358.0
2018-04-17,B3SA3,25.45,25.67,25.85,24.9,254567539.0
2018-04-18,B3SA3,25.89,26.25,26.67,25.61,332133860.0
2018-04-19,B3SA3,26.17,26.06,26.31,25.75,133575444.0
2018-04-20,B3SA3,25.8,25.7,25.95,25.57,145589516.0
2018-04-23,B3SA3,25.55,25.74,25.74,25.34,161684373.0
2018-04-24,B3SA3,25.87,25.3,25.95,25.06,144043091.0
2018-04-25,B3SA3,24.96,25.06,25.26,24.75,181462266.0
2018-04-26,B3SA3,25.1,25.67,25.73,25.04,89494477.0
2018-04-27,B3SA3,25.94,25.83,25.99,25.61,99693977.0
2018-04-30,B3SA3,26.0,25.3,26.0,25.22,167505202.0
2018-05-02,B3SA3,25.06,24.61,25.1,24.46,343386593.0
2018-05-03,B3SA3,24.4,24.16,24.69,24.12,295483663.0
2018-05-04,B3SA3,24.1,24.04,24.44,23.71,220585343.0
2018-05-07,B3SA3,24.06,23.98,24.27,23.77,104111542.0
2018-05-08,B3SA3,24.0,23.89,24.32,23.79,146488188.0
2018-05-09,B3SA3,23.91,24.06,24.15,23.61,181818445.0
2018-05-10,B3SA3,24.21,24.68,24.72,24.07,308845241.0
2018-05-11,B3SA3,24.52,23.6,24.73,23.51,339695701.0
2018-05-14,B3SA3,23.67,23.29,23.69,22.78,350378891.0
2018-05-15,B3SA3,23.0,22.8,23.11,22.51,345189603.0
2018-05-16,B3SA3,22.64,23.08,23.54,22.64,179718457.0
2018-05-17,B3SA3,22.76,22.11,23.03,21.82,419664599.0
2018-05-18,B3SA3,21.83,22.28,22.28,21.46,309447925.0
2018-05-21,B3SA3,22.46,22.15,22.5,22.02,195343222.0
2018-05-22,B3SA3,22.37,23.35,23.48,22.28,321566687.0
2018-05-23,B3SA3,22.95,22.1,23.12,22.1,196321867.0
2018-05-24,B3SA3,21.8,21.6,22.02,21.28,378371816.0
2018-05-25,B3SA3,21.67,21.02,21.86,20.85,444364371.0
2018-05-28,B3SA3,20.81,20.53,21.0,20.3,210751762.0
2018-05-29,B3SA3,21.1,20.73,21.74,20.55,340836071.0
2018-05-30,B3SA3,20.51,21.77,21.9,20.5,458509990.0
2018-06-01,B3SA3,21.98,22.25,22.63,21.51,432476270.0
2018-06-04,B3SA3,22.49,22.82,23.07,22.32,408627329.0
2018-06-05,B3SA3,22.5,22.12,22.83,21.52,356891669.0
2018-06-06,B3SA3,21.83,21.41,22.08,21.13,245984469.0
2018-06-07,B3SA3,20.62,20.0,21.1,19.58,765914525.0
2018-06-08,B3SA3,19.98,20.84,21.26,19.54,481951886.0
2018-06-11,B3SA3,21.1,20.42,21.33,20.05,149449675.0
2018-06-12,B3SA3,20.69,21.0,21.24,20.5,323648498.0
2018-06-13,B3SA3,21.0,20.67,21.04,20.0,280292997.0
2018-06-14,B3SA3,20.75,20.15,20.91,20.03,338637177.0
2018-06-15,B3SA3,20.0,19.79,20.09,19.31,469694636.0
2018-06-18,B3SA3,19.5,19.21,19.67,19.1,203404006.0
2018-06-19,B3SA3,18.95,19.93,20.23,18.92,494487953.0
2018-06-20,B3SA3,20.1,19.78,20.34,19.6,174503044.0
2018-06-21,B3SA3,19.56,19.57,19.87,19.43,170430690.0
2018-06-22,B3SA3,19.65,19.97,19.98,19.49,169214614.0
2018-06-25,B3SA3,20.0,20.69,21.04,19.8,250462324.0
2018-06-26,B3SA3,20.82,20.64,20.95,20.42,237022801.0
2018-06-27,B3SA3,20.45,20.2,20.62,20.08,175496750.0
2018-06-28,B3SA3,20.1,20.52,20.56,19.81,155871795.0
2018-06-29,B3SA3,20.84,20.45,20.88,20.4,200100400.0
2018-07-02,B3SA3,20.45,20.64,20.7,20.11,73718010.0
2018-07-03,B3SA3,20.85,20.89,21.38,20.45,132156818.0
2018-07-04,B3SA3,20.8,21.14,21.15,20.57,57143720.0
2018-07-05,B3SA3,20.95,21.01,21.18,20.64,136925139.0
2018-07-06,B3SA3,21.05,21.75,21.97,21.0,168283763.0
2018-07-10,B3SA3,21.99,22.37,22.59,21.87,759809050.0
2018-07-11,B3SA3,22.2,22.38,22.65,22.2,264276311.0
2018-07-12,B3SA3,22.49,23.06,23.14,22.45,216983427.0
2018-07-13,B3SA3,23.18,23.82,23.82,23.07,240379398.0
2018-07-16,B3SA3,23.8,23.5,23.8,23.1,326366808.0
2018-07-17,B3SA3,23.4,23.94,24.27,23.33,323580158.0
2018-07-18,B3SA3,23.71,23.22,24.0,23.09,226885765.0
2018-07-19,B3SA3,23.0,23.1,23.1,22.53,392856513.0
2018-07-20,B3SA3,23.91,23.25,24.0,23.1,270764935.0
2018-07-23,B3SA3,23.04,22.99,23.14,22.78,189514129.0
2018-07-24,B3SA3,23.24,23.24,23.45,23.06,137811802.0
2018-07-25,B3SA3,23.31,23.78,24.21,23.29,218789750.0
2018-07-26,B3SA3,23.55,23.55,24.08,23.27,124345096.0
2018-07-27,B3SA3,23.69,23.65,23.88,23.41,78896452.0
2018-07-30,B3SA3,23.88,23.75,23.98,23.33,129303265.0
2018-07-31,B3SA3,23.5,23.79,23.79,23.37,169038274.0
2018-08-01,B3SA3,23.79,23.67,23.96,23.48,162493729.0
2018-08-02,B3SA3,23.5,24.1,24.47,23.36,170158324.0
2018-08-03,B3SA3,24.3,24.95,25.07,24.14,287759302.0
2018-08-06,B3SA3,25.0,24.72,25.1,24.62,149109066.0
2018-08-07,B3SA3,24.9,24.0,24.94,23.85,224962365.0
2018-08-08,B3SA3,23.88,23.43,24.29,23.12,385662425.0
2018-08-09,B3SA3,23.34,23.26,23.54,22.8,357182786.0
2018-08-10,B3SA3,23.6,22.78,23.6,22.5,285284895.0
2018-08-13,B3SA3,22.5,22.9,22.98,22.4,266897569.0
2018-08-14,B3SA3,23.28,23.33,23.39,22.87,134823135.0
2018-08-15,B3SA3,22.91,23.19,23.35,22.71,301731158.0
2018-08-16,B3SA3,23.2,23.22,23.42,22.65,119174303.0
2018-08-17,B3SA3,22.79,22.55,23.09,22.5,141834799.0
2018-08-20,B3SA3,22.26,22.59,22.73,22.01,211985907.0
2018-08-21,B3SA3,22.31,22.2,22.46,22.01,209812755.0
2018-08-22,B3SA3,21.87,22.43,22.43,21.86,236224740.0
2018-08-23,B3SA3,22.43,21.13,22.49,21.09,190516122.0
2018-08-24,B3SA3,21.62,21.12,21.78,20.82,189968274.0
2018-08-27,B3SA3,21.22,21.75,22.01,21.21,100365305.0
2018-08-28,B3SA3,21.59,21.7,21.81,21.42,91489497.0
2018-08-29,B3SA3,21.73,22.25,22.47,21.71,139230421.0
2018-08-30,B3SA3,22.09,21.67,22.1,21.51,131673644.0
2018-08-31,B3SA3,21.7,21.76,22.08,21.31,175256994.0
2018-09-03,B3SA3,21.41,21.32,21.58,21.17,69747669.0
2018-09-04,B3SA3,21.2,20.91,21.37,20.85,89693295.0
2018-09-05,B3SA3,20.88,21.82,21.95,20.86,175156565.0
2018-09-06,B3SA3,21.96,21.84,22.14,21.27,194591752.0
2018-09-10,B3SA3,22.29,21.88,22.4,21.69,142268883.0
2018-09-11,B3SA3,21.37,21.06,21.37,20.67,225851853.0
2018-09-12,B3SA3,21.23,21.2,21.4,20.86,179019339.0
2018-09-13,B3SA3,21.16,21.2,21.4,21.0,179870847.0
2018-09-14,B3SA3,21.12,21.63,21.82,21.12,213190224.0
2018-09-17,B3SA3,21.49,22.12,22.17,21.49,122092005.0
2018-09-18,B3SA3,22.18,22.2,22.42,21.96,164098357.0
2018-09-19,B3SA3,21.97,22.34,22.51,21.95,115544607.0
2018-09-20,B3SA3,22.52,22.67,22.75,22.38,192777560.0
2018-09-21,B3SA3,22.8,23.1,23.39,22.65,384232868.0
2018-09-24,B3SA3,22.8,22.78,22.83,22.13,226033422.0
2018-09-25,B3SA3,22.29,22.48,22.69,22.17,233691893.0
2018-09-26,B3SA3,22.69,22.6,23.12,22.47,147356085.0
2018-09-27,B3SA3,22.65,23.37,23.61,22.65,329794318.0
2018-09-28,B3SA3,22.93,23.4,23.54,22.82,203077024.0
2018-10-01,B3SA3,23.4,22.95,23.43,22.6,188625944.0
2018-10-02,B3SA3,23.73,23.9,24.4,23.46,309530431.0
2018-10-03,B3SA3,25.0,24.27,25.45,24.16,315174357.0
2018-10-04,B3SA3,24.15,24.47,24.49,23.73,213101636.0
2018-10-05,B3SA3,24.7,24.25,24.9,23.85,218628383.0
2018-10-08,B3SA3,26.4,24.7,26.73,24.6,926926813.0
2018-10-09,B3SA3,24.73,25.1,25.47,24.43,325645141.0
2018-10-10,B3SA3,24.71,24.8,25.28,24.6,225863919.0
2018-10-11,B3SA3,25.0,23.82,25.0,23.75,416103489.0
2018-10-15,B3SA3,24.35,24.11,24.52,23.88,234999285.0
2018-10-16,B3SA3,24.49,25.0,25.14,24.46,260601587.0
2018-10-17,B3SA3,24.8,25.3,25.3,24.8,322249386.0
2018-10-18,B3SA3,25.07,24.27,25.19,24.27,373572865.0
2018-10-19,B3SA3,24.65,24.05,24.77,23.86,191101940.0
2018-10-22,B3SA3,24.25,24.6,24.95,24.18,182749246.0
2018-10-23,B3SA3,24.17,25.0,25.12,24.07,182143147.0
2018-10-24,B3SA3,25.01,24.57,25.05,24.4,155274407.0
2018-10-25,B3SA3,24.74,24.5,25.19,24.47,335316528.0
2018-10-26,B3SA3,24.85,25.38,25.8,24.67,349734886.0
2018-10-29,B3SA3,26.3,25.1,26.44,24.65,768580179.0
2018-10-30,B3SA3,25.58,26.4,26.5,25.4,564504307.0
2018-10-31,B3SA3,26.85,26.54,26.88,26.2,361349167.0
2018-11-01,B3SA3,26.75,27.44,28.1,26.34,745139615.0
2018-11-05,B3SA3,27.3,27.25,27.83,27.04,271833600.0
2018-11-06,B3SA3,27.0,26.86,27.19,26.65,233029357.0
2018-11-07,B3SA3,27.2,25.95,27.27,25.81,287951186.0
2018-11-08,B3SA3,26.1,25.55,26.33,25.42,281710374.0
2018-11-09,B3SA3,25.41,25.69,26.2,25.32,277025135.0
2018-11-12,B3SA3,25.57,25.89,25.99,25.02,170414297.0
2018-11-13,B3SA3,25.85,25.75,26.21,25.44,296632310.0
2018-11-14,B3SA3,25.58,26.0,26.1,25.48,220255127.0
2018-11-16,B3SA3,26.1,27.29,27.29,25.74,288800354.0
2018-11-19,B3SA3,27.0,26.26,27.13,26.22,166432567.0
2018-11-21,B3SA3,25.99,26.65,26.65,25.72,265604949.0
2018-11-22,B3SA3,26.7,26.59,26.7,26.31,74066664.0
2018-11-23,B3SA3,26.59,26.4,26.59,25.95,144314455.0
2018-11-26,B3SA3,26.5,26.39,26.93,26.0,284259479.0
2018-11-27,B3SA3,26.4,28.06,28.06,26.4,330642555.0
2018-11-28,B3SA3,27.91,28.2,28.47,27.41,272061466.0
2018-11-29,B3SA3,27.79,28.65,28.9,27.72,174156997.0
2018-11-30,B3SA3,28.47,28.2,28.77,28.08,214302010.0
2018-12-03,B3SA3,28.59,28.15,28.8,27.82,319960785.0
2018-12-04,B3SA3,28.24,27.9,28.58,27.64,345326427.0
2018-12-05,B3SA3,28.06,28.21,28.41,27.71,119293682.0
2018-12-06,B3SA3,27.69,28.59,28.71,27.55,333670625.0
2018-12-07,B3SA3,28.44,28.5,29.2,28.29,321378945.0
2018-12-10,B3SA3,28.38,27.51,28.66,27.51,196729163.0
2018-12-11,B3SA3,27.77,27.59,28.26,27.31,250159780.0
2018-12-12,B3SA3,27.97,28.15,28.49,27.8,268089486.0
2018-12-13,B3SA3,28.38,27.7,28.38,27.7,250868809.0
2018-12-14,B3SA3,27.7,27.35,27.87,27.0,190443709.0
2018-12-17,B3SA3,27.41,26.8,27.46,26.51,399564845.0
2018-12-18,B3SA3,27.0,26.65,27.27,26.65,241901068.0
2018-12-19,B3SA3,26.75,26.16,27.14,26.16,315220809.0
2018-12-20,B3SA3,26.35,26.1,26.84,25.82,358731519.0
2018-12-21,B3SA3,26.1,26.74,27.04,25.88,587335260.0
2018-12-26,B3SA3,26.26,26.05,26.47,26.02,212206857.0
2018-12-27,B3SA3,26.01,26.16,26.31,25.62,249456337.0
2018-12-28,B3SA3,26.3,26.81,27.1,26.29,328780636.0
2019-01-02,B3SA3,26.85,27.79,27.91,26.68,678814580.0
2019-01-03,B3SA3,27.41,29.0,29.12,27.4,458502046.0
2019-01-04,B3SA3,28.68,27.95,29.26,27.84,620041674.0
2019-01-07,B3SA3,28.15,27.8,28.15,27.31,318947693.0
2019-01-08,B3SA3,27.96,27.88,28.2,27.55,316278270.0
2019-01-09,B3SA3,28.0,28.01,28.4,27.71,409959819.0
2019-01-10,B3SA3,28.05,28.27,28.38,27.8,351090783.0
2019-01-11,B3SA3,28.27,28.87,28.98,28.24,288943159.0
2019-01-14,B3SA3,28.89,29.51,29.75,28.84,455028891.0
2019-01-15,B3SA3,29.45,29.22,29.64,28.94,268132255.0
2019-01-16,B3SA3,29.18,29.85,29.95,28.83,248415317.0
2019-01-17,B3SA3,29.9,30.0,30.04,29.35,288061491.0
2019-01-18,B3SA3,30.0,30.4,30.67,29.8,388121178.0
2019-01-21,B3SA3,30.15,30.5,30.63,29.76,245780551.0
2019-01-22,B3SA3,30.2,29.77,30.55,29.69,224980313.0
2019-01-23,B3SA3,30.0,31.16,31.16,29.87,362656011.0
2019-01-24,B3SA3,31.08,31.65,31.65,30.6,751390909.0
2019-01-28,B3SA3,31.4,32.23,32.23,31.09,571223312.0
2019-01-29,B3SA3,32.48,31.55,32.6,31.36,311306503.0
2019-01-30,B3SA3,31.9,31.47,31.96,31.08,383354890.0
2019-01-31,B3SA3,31.61,31.47,31.81,31.2,363287361.0
2019-02-01,B3SA3,31.25,31.94,31.94,31.25,386501398.0
2019-02-04,B3SA3,31.88,32.27,32.33,31.3,248033377.0
2019-02-05,B3SA3,32.01,32.98,33.11,32.01,294572780.0
2019-02-06,B3SA3,32.6,32.2,32.6,31.99,590917271.0
2019-02-07,B3SA3,32.6,31.0,32.65,30.76,904867075.0
2019-02-08,B3SA3,30.8,31.33,31.58,30.73,397377700.0
2019-02-11,B3SA3,31.03,30.78,31.11,30.48,384400512.0
2019-02-12,B3SA3,31.04,31.12,31.4,30.71,366674789.0
2019-02-13,B3SA3,31.35,31.04,31.37,30.85,512505548.0
2019-02-14,B3SA3,30.85,32.36,32.37,30.7,351431041.0
2019-02-15,B3SA3,32.07,32.32,32.54,31.8,242416366.0
2019-02-18,B3SA3,31.9,31.97,32.14,31.7,209891222.0
2019-02-19,B3SA3,32.16,32.8,32.82,31.77,377229179.0
2019-02-20,B3SA3,32.67,32.55,33.08,32.3,463974524.0
2019-02-21,B3SA3,32.56,32.35,32.78,31.89,250805955.0
2019-02-22,B3SA3,32.9,33.19,33.3,32.53,261761149.0
2019-02-25,B3SA3,33.32,33.45,33.79,33.22,322520677.0
2019-02-26,B3SA3,33.47,33.85,33.99,33.46,242931874.0
2019-02-27,B3SA3,33.71,33.33,33.83,33.01,375285505.0
2019-02-28,B3SA3,33.43,32.79,33.64,32.63,325958658.0
2019-03-01,B3SA3,32.66,31.88,32.9,31.83,308960353.0
2019-03-06,B3SA3,32.08,31.61,32.2,31.61,171845747.0
2019-03-07,B3SA3,31.53,31.09,31.65,30.77,432121045.0
2019-03-08,B3SA3,31.05,31.61,31.73,30.79,335126093.0
2019-03-11,B3SA3,31.85,32.9,32.95,31.69,318958131.0
2019-03-12,B3SA3,33.05,33.05,33.11,32.33,205894490.0
2019-03-13,B3SA3,32.95,33.28,33.61,32.56,335438988.0
2019-03-14,B3SA3,33.12,33.18,33.62,32.94,203117552.0
2019-03-15,B3SA3,33.3,33.87,34.1,33.11,475524818.0
2019-03-18,B3SA3,34.0,34.36,34.56,33.98,267425382.0
2019-03-19,B3SA3,34.4,34.68,34.75,33.97,202474800.0
2019-03-20,B3SA3,34.55,34.05,34.9,33.97,308160057.0
2019-03-21,B3SA3,34.0,33.47,34.11,32.54,317527273.0
2019-03-22,B3SA3,32.59,32.55,33.17,32.14,473602795.0
2019-03-25,B3SA3,32.3,32.48,32.96,31.76,244905362.0
2019-03-26,B3SA3,32.8,33.3,33.48,32.42,340036494.0
2019-03-27,B3SA3,32.46,31.27,32.64,30.91,448708178.0
2019-03-28,B3SA3,31.11,32.07,32.5,30.69,459115067.0
2019-03-29,B3SA3,32.42,32.12,32.42,31.61,295756786.0
2019-04-01,B3SA3,32.24,32.58,32.75,32.12,196113554.0
2019-04-02,B3SA3,32.9,32.66,32.9,32.26,184409253.0
2019-04-03,B3SA3,32.88,31.56,33.0,31.53,426438920.0
2019-04-04,B3SA3,31.86,32.74,32.74,31.37,363858506.0
2019-04-05,B3SA3,32.78,32.9,33.2,32.4,212688993.0
2019-04-08,B3SA3,32.89,33.0,33.25,32.62,156750883.0
2019-04-09,B3SA3,32.8,32.02,32.88,31.86,266849260.0
2019-04-10,B3SA3,32.16,32.14,32.39,31.72,208134581.0
2019-04-11,B3SA3,32.1,31.42,32.24,31.17,246025464.0
2019-04-12,B3SA3,31.07,30.68,31.74,30.55,236281831.0
2019-04-15,B3SA3,31.1,31.15,31.2,30.23,256545246.0
2019-04-16,B3SA3,31.13,31.45,31.94,31.0,249655048.0
2019-04-17,B3SA3,31.66,31.1,31.72,30.2,451432506.0
2019-04-18,B3SA3,31.3,31.95,32.27,30.98,501933391.0
2019-04-22,B3SA3,31.8,31.95,32.13,31.6,128144248.0
2019-04-23,B3SA3,32.22,32.84,32.98,32.05,375052192.0
2019-04-24,B3SA3,32.79,33.5,33.5,32.51,651052755.0
2019-04-25,B3SA3,33.15,34.77,35.06,33.1,349714131.0
2019-04-26,B3SA3,34.59,34.12,34.59,33.69,212448338.0
2019-04-29,B3SA3,34.11,34.4,34.55,33.86,200093297.0
2019-04-30,B3SA3,34.45,34.45,34.8,34.0,272666584.0
2019-05-02,B3SA3,34.25,33.9,34.65,33.75,177311455.0
2019-05-03,B3SA3,33.98,34.07,34.34,33.9,195435446.0
2019-05-06,B3SA3,33.69,33.7,33.78,33.21,137503356.0
2019-05-07,B3SA3,33.34,33.66,33.7,32.81,295923969.0
2019-05-08,B3SA3,34.0,34.35,34.68,33.9,199509472.0
2019-05-09,B3SA3,33.95,33.9,34.12,33.51,177100661.0
2019-05-10,B3SA3,33.99,33.3,34.05,32.84,262547945.0
2019-05-13,B3SA3,32.57,32.34,32.95,32.14,237620550.0
2019-05-14,B3SA3,32.41,32.6,33.16,32.37,245709143.0
2019-05-15,B3SA3,31.81,32.5,32.61,31.7,448625299.0
2019-05-16,B3SA3,32.04,31.9,32.24,31.59,402518038.0
2019-05-17,B3SA3,31.41,31.7,32.71,31.26,349829199.0
2019-05-20,B3SA3,31.97,32.71,33.0,31.53,284560262.0
2019-05-21,B3SA3,32.93,34.32,34.66,32.77,457604479.0
2019-05-22,B3SA3,34.3,33.98,34.7,33.77,247123352.0
2019-05-23,B3SA3,33.7,34.34,34.45,33.62,289085534.0
2019-05-24,B3SA3,34.7,34.2,34.7,33.98,258519176.0
2019-05-27,B3SA3,34.5,34.71,35.04,34.29,172689981.0
2019-05-28,B3SA3,34.88,35.74,36.01,34.62,702498902.0
2019-05-29,B3SA3,35.6,36.11,36.11,35.45,341003833.0
2019-05-30,B3SA3,36.06,36.7,36.87,35.83,266880297.0
2019-05-31,B3SA3,36.5,36.57,37.59,36.23,486386129.0
2019-06-03,B3SA3,37.0,36.5,37.46,36.07,350498019.0
2019-06-04,B3SA3,36.84,36.35,36.96,36.16,231356311.0
2019-06-05,B3SA3,36.35,35.92,36.53,35.5,300819549.0
2019-06-06,B3SA3,36.0,37.3,37.34,35.97,326365226.0
2019-06-07,B3SA3,37.35,37.09,37.5,36.93,179787340.0
2019-06-10,B3SA3,37.17,37.25,37.5,36.89,215643262.0
2019-06-11,B3SA3,37.5,38.02,38.5,37.06,445083575.0
2019-06-12,B3SA3,38.0,37.64,38.29,37.25,568332657.0
2019-06-13,B3SA3,37.6,37.76,38.49,37.37,600490152.0
2019-06-14,B3SA3,37.74,35.75,37.84,35.41,1041299876.0
2019-06-17,B3SA3,35.74,35.5,36.08,35.31,608943138.0
2019-06-18,B3SA3,36.79,38.11,38.11,36.6,710280937.0
2019-06-19,B3SA3,37.73,37.39,38.05,37.08,757227666.0
2019-06-21,B3SA3,37.4,39.75,39.75,37.28,875206672.0
2019-06-24,B3SA3,39.87,39.7,39.92,39.17,445015254.0
2019-06-25,B3SA3,39.25,37.66,39.48,37.65,688791512.0
2019-06-26,B3SA3,38.12,36.9,38.28,36.73,578069139.0
2019-06-27,B3SA3,36.56,37.59,37.73,36.42,326715082.0
2019-06-28,B3SA3,38.2,37.46,38.25,37.31,302819573.0
2019-07-01,B3SA3,38.0,38.15,38.34,37.66,327609528.0
2019-07-02,B3SA3,38.15,37.55,38.38,37.37,386245779.0
2019-07-03,B3SA3,37.6,38.4,38.4,37.6,453312448.0
2019-07-04,B3SA3,38.66,39.74,39.84,38.66,401010259.0
2019-07-05,B3SA3,39.5,40.4,40.41,39.11,488508725.0
2019-07-08,B3SA3,40.4,40.3,40.63,40.08,250251200.0
2019-07-10,B3SA3,40.95,42.1,43.0,40.77,753814081.0
2019-07-11,B3SA3,42.1,41.16,42.1,40.81,457443750.0
2019-07-12,B3SA3,41.25,39.7,41.47,39.63,504765443.0
2019-07-15,B3SA3,39.97,39.74,40.27,39.44,250937929.0
2019-07-16,B3SA3,40.05,41.0,41.38,40.0,567520158.0
2019-07-17,B3SA3,41.45,41.29,41.85,40.94,218481262.0
2019-07-18,B3SA3,41.4,41.03,41.7,40.92,358330309.0
2019-07-19,B3SA3,40.9,40.38,41.19,40.19,239095383.0
2019-07-22,B3SA3,40.88,41.35,41.41,40.76,146917166.0
2019-07-23,B3SA3,41.35,40.75,41.68,40.65,275480021.0
2019-07-24,B3SA3,40.89,42.53,42.53,40.88,324353759.0
2019-07-25,B3SA3,42.45,41.9,42.7,41.36,303714371.0
2019-07-26,B3SA3,42.42,42.14,42.42,41.48,222868199.0
2019-07-29,B3SA3,42.3,42.62,42.62,41.82,177741198.0
2019-07-30,B3SA3,42.39,43.13,43.36,42.18,242304960.0
2019-07-31,B3SA3,43.14,42.19,43.18,41.54,428805872.0
2019-08-01,B3SA3,42.48,42.85,44.0,42.23,585709476.0
2019-08-02,B3SA3,42.93,43.12,43.42,42.43,641423420.0
2019-08-05,B3SA3,42.3,41.47,42.5,41.26,507900537.0
2019-08-06,B3SA3,42.0,42.8,42.96,41.9,398331708.0
2019-08-07,B3SA3,42.23,43.44,43.9,41.76,365479300.0
2019-08-08,B3SA3,43.88,45.33,45.56,43.56,448374864.0
2019-08-09,B3SA3,44.5,45.5,45.5,44.3,405462742.0
2019-08-12,B3SA3,44.35,44.24,44.55,43.81,361724093.0
2019-08-13,B3SA3,43.98,45.86,46.18,43.9,478527653.0
2019-08-14,B3SA3,45.28,43.7,45.55,43.42,774775421.0
2019-08-15,B3SA3,44.0,43.35,44.14,42.83,428818803.0
2019-08-16,B3SA3,43.9,44.5,45.39,43.66,594562385.0
2019-08-19,B3SA3,45.05,45.5,46.79,44.96,738600808.0
2019-08-20,B3SA3,45.69,45.76,46.29,44.48,507475305.0
2019-08-21,B3SA3,45.98,45.82,46.16,45.3,393869328.0
2019-08-22,B3SA3,45.53,45.47,46.06,45.26,230385128.0
2019-08-23,B3SA3,44.95,43.83,45.23,43.2,460182084.0
2019-08-26,B3SA3,44.07,42.3,44.22,41.83,572285465.0
2019-08-27,B3SA3,42.7,43.0,43.85,42.15,1050314007.0
2019-08-28,B3SA3,42.53,43.63,43.85,42.53,380243452.0
2019-08-29,B3SA3,44.01,44.29,44.76,43.23,404291957.0
2019-08-30,B3SA3,44.88,44.8,45.33,44.22,590938003.0
2019-09-02,B3SA3,44.5,43.94,44.8,43.74,192707946.0
2019-09-03,B3SA3,43.9,43.75,44.77,43.36,415415403.0
2019-09-04,B3SA3,44.23,44.63,44.7,43.76,376593215.0
2019-09-05,B3SA3,44.9,45.3,46.05,44.71,360090394.0
2019-09-06,B3SA3,45.74,45.9,45.97,45.46,298948457.0
2019-09-09,B3SA3,45.9,43.82,46.37,43.37,678032528.0
2019-09-10,B3SA3,43.66,43.9,44.13,42.9,424558968.0
2019-09-11,B3SA3,44.8,44.53,45.65,44.53,571692540.0
2019-09-12,B3SA3,44.82,44.48,45.35,44.13,475411728.0
2019-09-13,B3SA3,44.49,43.0,44.72,43.0,396904297.0
2019-09-16,B3SA3,43.3,43.07,43.38,42.61,320553889.0
2019-09-17,B3SA3,43.05,44.12,44.29,42.83,320686079.0
2019-09-18,B3SA3,44.07,44.92,44.92,43.99,219466337.0
2019-09-19,B3SA3,45.32,44.58,45.87,44.21,500141262.0
2019-09-20,B3SA3,44.8,45.32,45.4,44.34,591511889.0
2019-09-23,B3SA3,44.91,44.86,45.17,44.46,186268277.0
2019-09-24,B3SA3,45.09,44.3,45.32,44.07,274516162.0
2019-09-25,B3SA3,44.09,44.01,44.25,43.2,346983652.0
2019-09-26,B3SA3,44.1,44.77,45.1,43.96,293371498.0
2019-09-27,B3SA3,44.8,44.38,44.9,43.85,250186751.0
2019-09-30,B3SA3,44.4,43.63,44.66,43.6,294629293.0
2019-10-01,B3SA3,43.87,43.77,44.33,43.57,275385625.0
2019-10-02,B3SA3,43.42,43.1,43.55,42.55,307077540.0
2019-10-03,B3SA3,43.1,43.6,43.6,42.49,239781142.0
2019-10-04,B3SA3,43.4,44.55,44.61,43.1,447074049.0
2019-10-07,B3SA3,44.39,43.0,44.39,42.8,295291690.0
2019-10-08,B3SA3,43.18,43.3,44.24,42.81,581344944.0
2019-10-09,B3SA3,43.6,43.9,44.15,43.25,136168474.0
2019-10-10,B3SA3,43.63,44.06,44.55,43.42,264103082.0
2019-10-11,B3SA3,44.57,45.05,45.35,44.36,280942402.0
2019-10-14,B3SA3,45.0,45.16,45.39,44.82,232431102.0
2019-10-15,B3SA3,45.09,44.51,45.68,44.51,432441375.0
2019-10-16,B3SA3,44.51,45.2,45.29,44.16,396106445.0
2019-10-17,B3SA3,45.6,46.15,46.15,45.55,345614702.0
2019-10-18,B3SA3,45.8,46.44,46.49,45.8,280146798.0
2019-10-21,B3SA3,46.2,46.89,46.89,45.88,287706933.0
2019-10-22,B3SA3,46.7,47.53,47.72,46.65,456914970.0
2019-10-23,B3SA3,47.53,48.24,48.55,47.25,461843254.0
2019-10-24,B3SA3,48.25,48.62,48.82,47.9,329748453.0
2019-10-25,B3SA3,48.5,48.41,48.72,48.01,266689884.0
2019-10-28,B3SA3,48.35,48.75,48.75,48.1,216261248.0
2019-10-29,B3SA3,48.5,47.9,48.57,47.65,271840830.0
2019-10-30,B3SA3,47.9,48.5,48.55,47.51,328503326.0
2019-10-31,B3SA3,48.39,48.38,48.7,47.85,253500718.0
2019-11-01,B3SA3,48.51,49.2,49.48,48.36,322292444.0
2019-11-04,B3SA3,49.19,49.27,49.48,48.53,267714742.0
2019-11-05,B3SA3,49.27,49.3,49.34,48.55,300090538.0
2019-11-06,B3SA3,49.29,48.9,49.84,48.6,355792190.0
2019-11-07,B3SA3,49.05,49.4,49.8,48.7,244753817.0
2019-11-08,B3SA3,49.3,48.7,49.78,48.32,432453373.0
2019-11-11,B3SA3,48.31,50.1,50.1,48.21,394341108.0
2019-11-12,B3SA3,49.5,49.2,49.65,48.83,436726196.0
2019-11-13,B3SA3,48.75,49.53,49.53,48.54,383794975.0
2019-11-14,B3SA3,49.57,49.8,49.8,48.97,325337120.0
2019-11-18,B3SA3,50.12,49.04,50.4,48.86,501185409.0
2019-11-19,B3SA3,49.45,47.94,49.45,47.59,545372748.0
2019-11-21,B3SA3,47.94,48.88,48.88,47.54,527643263.0
2019-11-22,B3SA3,48.88,49.49,49.49,48.31,406663924.0
2019-11-25,B3SA3,49.27,47.77,49.27,47.66,613300674.0
2019-11-26,B3SA3,47.58,46.5,47.58,45.82,1059487713.0
2019-11-27,B3SA3,46.89,47.45,47.84,46.26,483813986.0
2019-11-28,B3SA3,47.39,48.15,48.21,47.02,223244487.0
2019-11-29,B3SA3,48.14,47.72,48.37,47.32,281711102.0
2019-12-02,B3SA3,47.86,47.6,48.37,47.51,357947508.0
2019-12-03,B3SA3,47.78,48.11,48.11,47.02,233824782.0
2019-12-04,B3SA3,48.15,49.38,49.45,47.85,388273470.0
2019-12-05,B3SA3,49.35,49.25,49.36,48.72,312528708.0
2019-12-06,B3SA3,49.2,49.1,49.32,48.77,326643565.0
2019-12-09,B3SA3,49.15,47.65,49.28,47.58,558545704.0
2019-12-10,B3SA3,47.7,46.79,47.82,46.61,427238743.0
2019-12-11,B3SA3,47.02,46.2,47.22,45.87,692862847.0
2019-12-12,B3SA3,46.7,46.69,47.34,46.37,892779457.0
2019-12-13,B3SA3,47.0,46.4,47.15,46.0,733027530.0
2019-12-16,B3SA3,46.63,46.22,46.95,46.18,471831486.0
2019-12-17,B3SA3,46.5,47.79,47.79,46.36,553291869.0
2019-12-18,B3SA3,47.6,48.56,48.56,47.23,912783660.0
2019-12-19,B3SA3,48.2,48.56,49.0,47.81,551190996.0
2019-12-20,B3SA3,48.57,49.1,49.25,48.26,643844285.0
2019-12-23,B3SA3,47.22,46.87,47.62,45.91,1585190019.0
2019-12-26,B3SA3,46.99,46.65,47.2,46.25,554633825.0
2019-12-27,B3SA3,47.0,44.21,47.0,44.0,1064500954.0
2019-12-30,B3SA3,44.22,42.97,44.33,42.85,787855274.0
2020-01-02,B3SA3,43.18,45.11,45.11,43.18,890668618.0
2020-01-03,B3SA3,44.45,43.81,44.81,43.72,628410998.0
2020-01-06,B3SA3,43.67,43.39,44.88,43.08,880588547.0
2020-01-07,B3SA3,43.59,44.79,44.85,43.49,662523039.0
2020-01-08,B3SA3,44.75,44.67,45.36,44.3,601750415.0
2020-01-09,B3SA3,44.7,44.65,46.11,44.42,852884233.0
2020-01-10,B3SA3,44.71,44.3,45.2,43.66,676304560.0
2020-01-13,B3SA3,44.84,44.35,44.84,44.14,479730520.0
2020-01-14,B3SA3,44.37,44.65,44.87,44.24,474083642.0
2020-01-15,B3SA3,44.4,43.45,44.71,42.95,904608192.0
2020-01-16,B3SA3,43.95,43.95,44.17,43.31,595099835.0
2020-01-17,B3SA3,44.06,45.34,45.34,44.01,537048834.0
2020-01-20,B3SA3,45.0,45.5,45.5,44.76,267278569.0
2020-01-21,B3SA3,44.85,44.7,45.65,44.57,394481670.0
2020-01-22,B3SA3,44.9,47.5,47.5,44.9,764945534.0
2020-01-23,B3SA3,46.96,48.7,49.35,46.44,781197580.0
2020-01-24,B3SA3,48.65,48.99,48.99,48.26,530637062.0
2020-01-27,B3SA3,48.06,47.65,48.7,47.4,736599514.0
2020-01-28,B3SA3,47.85,49.08,49.31,47.77,364168401.0
2020-01-29,B3SA3,48.7,48.6,49.47,48.45,465280061.0
2020-01-30,B3SA3,47.91,48.8,48.9,47.19,551516602.0
2020-01-31,B3SA3,48.0,48.2,48.25,47.5,625012022.0
2020-02-03,B3SA3,48.5,50.09,50.36,47.85,526801450.0
2020-02-04,B3SA3,50.6,49.96,50.86,49.07,580220052.0
2020-02-05,B3SA3,50.3,49.35,50.49,48.54,778819777.0
2020-02-06,B3SA3,49.35,48.69,49.63,48.55,340375604.0
2020-02-07,B3SA3,48.26,48.3,48.8,47.44,413229386.0
2020-02-10,B3SA3,48.28,48.63,48.95,47.63,470907509.0
2020-02-11,B3SA3,49.05,48.9,49.45,48.34,297748207.0
2020-02-12,B3SA3,48.92,49.88,50.67,48.5,574540626.0
2020-02-13,B3SA3,48.71,49.58,49.97,48.71,484683287.0
2020-02-14,B3SA3,49.55,50.2,50.27,49.3,498346526.0
2020-02-17,B3SA3,50.37,51.69,52.35,50.0,631822405.0
2020-02-18,B3SA3,51.0,51.13,51.39,50.6,445531006.0
2020-02-19,B3SA3,50.7,53.13,53.21,50.6,610978810.0
2020-02-20,B3SA3,52.8,52.31,53.55,51.72,545078860.0
2020-02-21,B3SA3,51.33,52.05,52.05,51.22,414830614.0
2020-02-26,B3SA3,49.5,47.95,50.18,47.44,677157327.0
2020-02-27,B3SA3,46.8,46.04,48.59,46.04,844897864.0
2020-02-28,B3SA3,45.27,48.0,48.0,44.76,1407731081.0
2020-03-02,B3SA3,47.7,50.0,50.04,47.24,770287312.0
2020-03-03,B3SA3,49.02,49.61,50.6,48.36,846285705.0
2020-03-04,B3SA3,50.39,49.79,50.39,48.57,858224780.0
2020-03-05,B3SA3,49.2,47.11,49.4,45.95,542687731.0
2020-03-06,B3SA3,45.5,46.48,46.9,43.66,1001255601.0
2020-03-09,B3SA3,43.08,40.9,44.6,40.68,1336839061.0
2020-03-10,B3SA3,43.4,46.0,46.16,41.25,1168452606.0
2020-03-11,B3SA3,43.51,42.55,44.44,39.01,1146570286.0
2020-03-12,B3SA3,36.0,36.89,37.0,32.0,1181428507.0
2020-03-13,B3SA3,42.88,40.88,43.4,37.17,1794566336.0
2020-03-16,B3SA3,34.04,34.29,37.95,33.65,927503139.0
2020-03-17,B3SA3,34.81,35.54,36.62,33.62,1058087114.0
2020-03-18,B3SA3,32.5,32.8,33.73,30.11,1292161109.0
2020-03-19,B3SA3,31.5,32.51,32.9,29.26,1647352831.0
2020-03-20,B3SA3,33.95,32.44,35.9,31.23,1124304633.0
2020-03-23,B3SA3,33.07,30.45,33.17,29.7,516694343.0
2020-03-24,B3SA3,33.43,36.31,36.94,33.35,945868329.0
2020-03-25,B3SA3,35.8,38.79,39.8,35.8,815701357.0
2020-03-26,B3SA3,38.9,38.64,39.52,36.36,949820861.0
2020-03-27,B3SA3,36.66,36.91,37.97,36.2,686813280.0
2020-03-30,B3SA3,36.75,37.0,38.06,36.3,617232246.0
2020-03-31,B3SA3,35.89,35.9,37.16,35.03,647061995.0
2020-04-01,B3SA3,34.51,34.65,34.92,33.16,455639138.0
2020-04-02,B3SA3,34.63,36.8,36.97,34.4,538330875.0
2020-04-03,B3SA3,36.41,35.85,36.58,35.13,682450238.0
2020-04-06,B3SA3,38.67,37.21,39.81,36.66,519024950.0
2020-04-07,B3SA3,40.42,38.5,41.2,38.09,958187729.0
2020-04-08,B3SA3,38.3,39.31,40.04,37.88,318631851.0
2020-04-09,B3SA3,39.5,39.01,39.86,38.05,591758182.0
2020-04-13,B3SA3,38.54,39.34,39.77,37.74,304792483.0
2020-04-14,B3SA3,39.99,39.56,41.23,39.44,476737972.0
2020-04-15,B3SA3,38.11,39.92,40.3,38.11,608183690.0
2020-04-16,B3SA3,40.09,39.31,41.49,39.13,667092463.0
2020-04-17,B3SA3,40.0,39.53,40.36,39.25,398846697.0
2020-04-20,B3SA3,38.18,40.59,41.19,38.18,534553040.0
2020-04-22,B3SA3,40.93,42.01,43.26,40.8,682956823.0
2020-04-23,B3SA3,42.45,41.25,43.24,40.61,581543846.0
2020-04-24,B3SA3,40.42,37.0,40.59,35.36,1270075963.0
2020-04-27,B3SA3,38.0,39.23,39.58,37.86,745284182.0
2020-04-28,B3SA3,40.76,39.8,42.41,39.7,709222450.0
2020-04-29,B3SA3,40.66,39.9,40.69,38.84,639222326.0
2020-04-30,B3SA3,39.29,38.42,39.65,38.03,560457643.0
2020-05-04,B3SA3,37.87,38.38,38.8,37.7,377255155.0
2020-05-05,B3SA3,38.55,38.74,39.96,38.54,271742099.0
2020-05-06,B3SA3,38.69,38.44,39.19,37.55,313166896.0
2020-05-07,B3SA3,38.82,36.85,39.0,36.85,591497375.0
2020-05-08,B3SA3,37.83,37.76,38.03,37.09,430996728.0
2020-05-11,B3SA3,37.6,36.8,37.65,36.44,487006011.0
2020-05-12,B3SA3,36.98,35.73,37.37,35.58,546396490.0
2020-05-13,B3SA3,36.45,36.16,37.56,36.06,583620478.0
2020-05-14,B3SA3,35.64,37.82,37.82,35.37,616824406.0
2020-05-15,B3SA3,39.0,39.54,40.47,38.47,1028577197.0
2020-05-18,B3SA3,40.76,41.99,42.49,40.44,808036902.0
2020-05-19,B3SA3,41.3,40.72,42.56,40.72,629451682.0
2020-05-20,B3SA3,40.97,40.64,41.77,40.08,432040881.0
2020-05-21,B3SA3,41.08,43.62,43.62,40.81,684270051.0
2020-05-22,B3SA3,43.34,43.88,44.07,42.72,405809317.0
2020-05-25,B3SA3,45.15,46.5,46.84,45.01,455892699.0
2020-05-26,B3SA3,46.5,46.5,47.98,45.9,658804442.0
2020-05-27,B3SA3,47.39,46.59,47.5,45.97,516210246.0
2020-05-28,B3SA3,46.01,45.95,47.22,45.75,495737998.0
2020-05-29,B3SA3,46.0,45.55,46.4,44.62,1353831862.0
2020-06-01,B3SA3,44.83,45.53,46.49,44.83,344079538.0
2020-06-02,B3SA3,46.0,46.46,46.68,45.57,636485660.0
2020-06-03,B3SA3,47.08,48.82,48.88,47.08,855421127.0
2020-06-04,B3SA3,48.31,49.58,49.84,47.91,646890906.0
2020-06-05,B3SA3,50.8,49.07,51.97,48.81,786857332.0
2020-06-08,B3SA3,49.35,51.72,51.82,49.35,512043763.0
2020-06-09,B3SA3,51.05,51.07,51.67,50.8,579621514.0
2020-06-10,B3SA3,51.6,50.74,51.7,50.34,654422973.0
2020-06-12,B3SA3,49.28,49.85,50.99,48.8,862204488.0
2020-06-15,B3SA3,49.0,49.51,49.95,48.4,573692944.0
2020-06-16,B3SA3,50.6,49.5,50.88,48.7,459703869.0
2020-06-17,B3SA3,49.99,51.2,51.49,49.7,885795908.0
2020-06-18,B3SA3,50.57,50.36,51.3,50.22,439548288.0
2020-06-19,B3SA3,51.04,51.0,51.18,50.14,715701538.0
2020-06-22,B3SA3,51.15,50.33,51.48,49.8,375960311.0
2020-06-23,B3SA3,50.83,52.28,52.64,50.65,704685612.0
2020-06-24,B3SA3,52.31,52.65,53.64,51.71,635381491.0
2020-06-25,B3SA3,52.8,55.0,55.07,52.64,578031928.0
2020-06-26,B3SA3,54.64,53.45,55.19,52.9,507882151.0
2020-06-29,B3SA3,53.82,54.96,54.96,53.43,481431718.0
2020-06-30,B3SA3,54.55,55.09,55.98,54.26,725275392.0
2020-07-01,B3SA3,55.46,56.03,56.92,55.16,610509820.0
2020-07-02,B3SA3,57.04,56.2,57.2,55.7,409866353.0
2020-07-03,B3SA3,56.39,56.5,56.52,55.83,149930599.0
2020-07-06,B3SA3,57.5,56.52,58.0,56.52,378221968.0
2020-07-07,B3SA3,56.55,57.17,57.6,56.25,515272168.0
2020-07-08,B3SA3,57.61,60.65,60.89,57.23,825424829.0
2020-07-09,B3SA3,60.97,58.89,60.97,58.44,803405579.0
2020-07-10,B3SA3,58.8,59.95,59.98,57.6,474172624.0
2020-07-13,B3SA3,60.35,59.89,61.56,59.6,595427958.0
2020-07-14,B3SA3,60.01,61.14,61.95,59.68,632792961.0
2020-07-15,B3SA3,62.1,61.89,62.29,61.27,652633302.0
2020-07-16,B3SA3,61.75,61.5,62.15,60.62,881031421.0
2020-07-17,B3SA3,62.15,63.89,64.05,61.72,808240163.0
2020-07-20,B3SA3,64.3,67.4,67.4,63.86,967861268.0
2020-07-21,B3SA3,68.15,66.13,69.75,65.48,986801147.0
2020-07-22,B3SA3,66.45,66.7,67.45,65.53,660807520.0
2020-07-23,B3SA3,67.23,65.52,67.5,64.8,601108463.0
2020-07-24,B3SA3,65.54,65.35,66.05,64.4,592982569.0
2020-07-27,B3SA3,65.4,66.23,66.89,65.26,586097855.0
2020-07-28,B3SA3,66.22,65.23,66.22,63.75,839027115.0
2020-07-29,B3SA3,65.5,64.63,65.62,63.86,667991088.0
2020-07-30,B3SA3,63.62,64.61,65.06,63.0,519083602.0
2020-07-31,B3SA3,65.34,63.44,65.34,62.69,772544686.0
2020-08-03,B3SA3,63.5,63.89,64.65,62.78,665291533.0
2020-08-04,B3SA3,63.0,63.22,64.29,62.08,785614416.0
2020-08-05,B3SA3,63.92,63.5,65.0,62.61,707042741.0
2020-08-06,B3SA3,63.56,64.05,64.55,62.93,421396784.0
2020-08-07,B3SA3,63.0,62.55,63.99,61.78,623372863.0
2020-08-10,B3SA3,62.6,62.25,62.95,59.65,565437531.0
2020-08-11,B3SA3,63.2,60.84,63.32,60.56,744461240.0
2020-08-12,B3SA3,61.2,61.5,62.73,60.4,854799026.0
2020-08-13,B3SA3,62.25,60.65,62.84,59.95,840612785.0
2020-08-14,B3SA3,60.45,60.57,62.14,60.32,781232280.0
2020-08-17,B3SA3,60.89,58.1,61.19,57.13,1055365469.0
2020-08-18,B3SA3,59.65,61.8,62.12,59.2,817625650.0
2020-08-19,B3SA3,62.01,59.57,62.11,59.31,649902128.0
2020-08-20,B3SA3,58.15,62.34,62.42,57.88,1159700876.0
2020-08-21,B3SA3,61.49,60.97,61.64,60.12,703391091.0
2020-08-24,B3SA3,61.47,60.9,61.56,58.98,747602512.0
2020-08-25,B3SA3,60.84,61.85,62.3,60.62,701013262.0
2020-08-26,B3SA3,61.6,60.5,62.8,59.32,905515867.0
2020-08-27,B3SA3,60.62,60.28,61.13,59.5,542500526.0
2020-08-28,B3SA3,60.5,61.02,61.35,60.1,448285906.0
2020-08-31,B3SA3,60.53,58.8,60.62,58.63,1054675212.0
2020-09-01,B3SA3,59.34,60.05,60.29,59.26,752789472.0
2020-09-02,B3SA3,60.1,59.97,60.35,59.0,433425957.0
2020-09-03,B3SA3,60.2,57.82,60.67,56.3,1499207825.0
2020-09-04,B3SA3,58.0,58.33,58.33,56.1,1751074694.0
2020-09-08,B3SA3,57.11,57.04,58.11,56.41,566566682.0
2020-09-09,B3SA3,57.76,58.26,58.6,56.63,625797519.0
2020-09-10,B3SA3,58.3,56.0,58.3,55.85,632890145.0
2020-09-11,B3SA3,56.1,56.02,56.92,55.51,616654792.0
2020-09-14,B3SA3,56.85,58.73,58.85,56.63,655336568.0
2020-09-15,B3SA3,58.9,57.28,58.99,57.17,434440559.0
2020-09-16,B3SA3,57.57,57.02,57.88,56.94,413516255.0
2020-09-17,B3SA3,56.3,56.68,56.89,55.85,478717618.0
2020-09-18,B3SA3,56.16,56.13,57.9,55.51,959415317.0
2020-09-21,B3SA3,55.06,56.1,56.1,54.45,632684993.0
2020-09-22,B3SA3,56.11,57.36,57.79,55.73,533024213.0
2020-09-23,B3SA3,56.8,55.89,57.57,55.45,562311723.0
2020-09-24,B3SA3,55.72,58.97,59.2,55.66,995695763.0
2020-09-25,B3SA3,57.79,57.35,57.93,56.62,473621618.0
2020-09-28,B3SA3,58.18,55.01,58.27,54.56,812881087.0
2020-09-29,B3SA3,55.03,53.65,56.16,53.33,779332359.0
2020-09-30,B3SA3,54.2,55.01,55.56,53.99,588971199.0
2020-10-01,B3SA3,55.33,54.53,55.33,53.8,624710030.0
2020-10-02,B3SA3,54.15,53.26,55.41,53.06,586036164.0
2020-10-05,B3SA3,53.29,55.75,55.82,53.19,632620622.0
2020-10-06,B3SA3,56.25,53.76,56.46,53.41,753741533.0
2020-10-07,B3SA3,54.25,53.71,54.69,53.21,827787799.0
2020-10-08,B3SA3,53.99,54.85,55.0,53.69,651118461.0
2020-10-09,B3SA3,54.63,54.71,55.41,54.03,413776015.0
2020-10-13,B3SA3,55.05,54.8,55.28,54.22,469148236.0
2020-10-14,B3SA3,55.25,56.38,56.79,55.03,717402017.0
2020-10-15,B3SA3,55.06,55.61,55.97,54.71,539786709.0
2020-10-16,B3SA3,55.07,54.34,56.06,54.3,546771436.0
2020-10-19,B3SA3,54.55,56.14,56.96,54.5,655378846.0
2020-10-20,B3SA3,56.16,57.9,57.91,56.14,811886291.0
2020-10-21,B3SA3,57.58,57.37,58.5,57.12,496387760.0
2020-10-22,B3SA3,57.52,56.07,57.66,55.92,833647588.0
2020-10-23,B3SA3,56.1,54.8,56.2,54.56,640132734.0
2020-10-26,B3SA3,54.74,54.98,55.85,53.85,493229121.0
2020-10-27,B3SA3,54.9,52.75,55.23,52.68,906555627.0
2020-10-28,B3SA3,51.7,51.33,52.4,50.83,914173378.0
2020-10-29,B3SA3,50.7,52.98,53.49,50.38,951688526.0
2020-10-30,B3SA3,52.5,51.05,52.7,50.69,608651770.0
2020-11-03,B3SA3,51.8,50.97,52.3,50.56,624164960.0
2020-11-04,B3SA3,51.51,54.1,54.24,51.49,807005327.0
2020-11-05,B3SA3,55.0,56.61,56.64,55.0,997480130.0
2020-11-06,B3SA3,55.83,56.62,56.88,55.32,478424089.0
2020-11-09,B3SA3,57.65,53.85,58.3,53.43,1252914409.0
2020-11-10,B3SA3,53.85,54.1,56.1,53.62,914650015.0
2020-11-11,B3SA3,54.45,55.4,55.97,53.92,629137938.0
2020-11-12,B3SA3,55.57,53.78,55.71,53.33,862165067.0
2020-11-13,B3SA3,54.34,53.7,54.6,52.53,1487058105.0
2020-11-16,B3SA3,54.25,53.4,54.87,52.82,1023341028.0
2020-11-17,B3SA3,53.4,53.55,53.9,52.87,895261178.0
2020-11-18,B3SA3,53.5,54.05,54.87,53.03,1083792085.0
2020-11-19,B3SA3,54.25,55.32,55.32,53.82,901802046.0
2020-11-20,B3SA3,55.08,54.55,55.3,54.23,1093775052.0
2020-11-23,B3SA3,54.62,54.09,54.99,53.6,438162110.0
2020-11-24,B3SA3,54.0,55.7,55.71,53.36,782132813.0
2020-11-25,B3SA3,55.64,56.61,56.73,55.42,633796474.0
2020-11-26,B3SA3,56.29,57.0,57.1,55.87,420311264.0
2020-11-27,B3SA3,57.1,56.9,57.29,56.35,625348221.0
2020-11-30,B3SA3,56.6,56.13,57.0,55.83,1227983699.0
2020-12-01,B3SA3,56.8,56.78,57.19,56.18,599291175.0
2020-12-02,B3SA3,56.8,59.6,59.64,56.75,1056312001.0
2020-12-03,B3SA3,59.88,58.89,60.42,58.46,901397791.0
2020-12-04,B3SA3,59.15,58.77,59.46,57.93,640734461.0
2020-12-07,B3SA3,58.43,58.46,59.11,57.46,643433503.0
2020-12-08,B3SA3,58.46,58.12,58.78,57.52,539077626.0
2020-12-09,B3SA3,57.8,56.65,58.16,56.28,913940641.0
2020-12-10,B3SA3,56.84,58.21,58.35,54.86,1037886067.0
2020-12-11,B3SA3,58.1,58.84,59.17,57.24,660384488.0
2020-12-14,B3SA3,59.26,58.28,59.4,57.62,464310417.0
2020-12-15,B3SA3,58.36,58.88,59.23,57.97,563385910.0
2020-12-16,B3SA3,58.87,60.55,61.13,58.54,1261685298.0
2020-12-17,B3SA3,60.6,60.45,61.54,60.01,729500459.0
2020-12-18,B3SA3,60.48,60.1,61.1,59.74,729150497.0
2020-12-21,B3SA3,58.5,59.0,59.78,57.75,607064688.0
2020-12-22,B3SA3,59.45,60.28,60.39,58.97,450589733.0
2020-12-23,B3SA3,60.4,59.99,60.84,59.9,316136080.0
2020-12-28,B3SA3,60.15,61.5,61.5,59.8,397442001.0
2020-12-29,B3SA3,61.55,61.82,61.97,61.02,353889208.0
2020-12-30,B3SA3,61.89,61.98,62.18,61.59,932700337.0
